1,similar
2,similar
3,similar
4,similar
5,similar
6,similar
7,similar
8,similar
9,similar
10,similar
11,similar
12,similar
13,similar
14,similar
15,similar
16,similar
17,similar
18,similar
19,similar
20,similar
21,similar
22,similar
23,similar
24,similar
25,similar
26,similar
27,similar
28,similar
29,similar
30,similar
31,similar
32,similar
33,similar
34,similar
35,similar
36,similar
37,similar
38,similar
39,similar
40,similar
41,similar
42,similar
43,similar
44,similar
45,similar
46,similar
47,similar
48,similar
49,similar
50,similar
51,similar
52,similar
53,similar
54,similar
55,similar
56,similar
57,similar
58,similar
59,similar
60,similar
61,similar
62,similar
63,similar
64,similar
65,similar
66,similar
67,similar
68,similar
69,similar
70,similar
71,similar
72,similar
73,similar
74,similar
75,similar
76,similar
77,similar
78,similar
79,similar
80,similar
81,similar
82,similar
83,similar
84,similar
85,similar
86,similar
87,similar
88,similar
89,similar
90,similar
91,similar
92,similar
93,similar
94,similar
95,similar
96,similar
97,similar
98,similar
99,similar
100,similar
