fileName;probScore;xTopLeft;yTopLeft;xDownRight;yDownRight;
jpgImages\video\frames\moana_1080p_2min 111.jpg;0.25;265.57;247.88;486.86;468.65;
jpgImages\video\frames\moana_1080p_2min 112.jpg;0.77;393.86;131.47;907.67;487.93;
jpgImages\video\frames\moana_1080p_2min 112.jpg;0.57;259.51;252.61;461.29;470.77;
jpgImages\video\frames\moana_1080p_2min 113.jpg;0.72;287.52;264.52;399.17;469.83;
jpgImages\video\frames\moana_1080p_2min 113.jpg;0.66;425.04;129.94;929.05;480.92;
jpgImages\video\frames\moana_1080p_2min 114.jpg;0.84;189.91;67.08;794.75;519.06;
jpgImages\video\frames\moana_1080p_2min 114.jpg;0.22;424.34;175.73;822.68;431.14;
jpgImages\video\frames\moana_1080p_2min 115.jpg;0.92;741.65;180.54;1023.10;486.53;
jpgImages\video\frames\moana_1080p_2min 116.jpg;0.93;193.45;85.13;611.26;507.62;
jpgImages\video\frames\moana_1080p_2min 117.jpg;1.00;277.74;115.81;531.50;504.05;
jpgImages\video\frames\moana_1080p_2min 118.jpg;1.00;223.21;108.04;528.69;507.29;
jpgImages\video\frames\moana_1080p_2min 119.jpg;1.00;256.92;80.02;863.35;509.98;
jpgImages\video\frames\moana_1080p_2min 119.jpg;0.31;30.63;103.05;583.11;503.91;
jpgImages\video\frames\moana_1080p_2min 120.jpg;1.00;225.31;88.35;828.76;502.57;
jpgImages\video\frames\moana_1080p_2min 121.jpg;0.99;259.93;96.27;806.47;508.22;
jpgImages\video\frames\moana_1080p_2min 121.jpg;0.30;27.64;155.93;509.28;509.59;
jpgImages\video\frames\moana_1080p_2min 122.jpg;1.00;224.21;99.10;773.51;503.44;
jpgImages\video\frames\moana_1080p_2min 122.jpg;0.79;424.94;47.50;993.00;506.45;
jpgImages\video\frames\moana_1080p_2min 122.jpg;0.41;869.73;181.05;1021.87;496.60;
jpgImages\video\frames\moana_1080p_2min 122.jpg;0.23;27.75;157.95;516.34;508.78;
jpgImages\video\frames\moana_1080p_2min 123.jpg;1.00;282.99;87.60;831.94;497.02;
jpgImages\video\frames\moana_1080p_2min 123.jpg;0.77;482.73;62.64;1066.67;526.91;
jpgImages\video\frames\moana_1080p_2min 123.jpg;0.48;60.57;103.61;609.79;503.71;
jpgImages\video\frames\moana_1080p_2min 124.jpg;1.00;321.64;73.57;909.33;508.89;
jpgImages\video\frames\moana_1080p_2min 124.jpg;0.61;66.50;26.74;667.59;519.29;
jpgImages\video\frames\moana_1080p_2min 125.jpg;0.99;316.77;70.76;918.47;491.34;
jpgImages\video\frames\moana_1080p_2min 126.jpg;0.99;270.84;66.89;854.65;494.03;
jpgImages\video\frames\moana_1080p_2min 126.jpg;0.48;38.95;78.11;625.91;526.17;
jpgImages\video\frames\moana_1080p_2min 127.jpg;0.99;145.47;118.10;466.58;513.28;
jpgImages\video\frames\moana_1080p_2min 128.jpg;1.00;190.71;119.70;484.46;505.09;
jpgImages\video\frames\moana_1080p_2min 129.jpg;1.00;194.09;124.01;540.21;498.75;
jpgImages\video\frames\moana_1080p_2min 130.jpg;1.00;197.73;120.36;552.41;501.44;
jpgImages\video\frames\moana_1080p_2min 131.jpg;1.00;213.86;111.75;584.81;508.43;
jpgImages\video\frames\moana_1080p_2min 132.jpg;1.00;489.87;163.52;715.69;443.78;
jpgImages\video\frames\moana_1080p_2min 132.jpg;0.68;147.64;136.14;387.27;497.23;
jpgImages\video\frames\moana_1080p_2min 133.jpg;1.00;445.67;158.47;744.87;448.04;
jpgImages\video\frames\moana_1080p_2min 133.jpg;0.59;130.15;133.41;420.91;501.53;
jpgImages\video\frames\moana_1080p_2min 134.jpg;0.99;494.26;169.35;755.36;448.48;
jpgImages\video\frames\moana_1080p_2min 134.jpg;0.28;95.74;120.08;507.05;504.01;
jpgImages\video\frames\moana_1080p_2min 135.jpg;0.95;435.27;178.18;758.84;445.81;
jpgImages\video\frames\moana_1080p_2min 135.jpg;0.50;116.26;133.16;369.14;494.71;
jpgImages\video\frames\moana_1080p_2min 136.jpg;0.87;107.41;135.31;440.92;485.66;
jpgImages\video\frames\moana_1080p_2min 136.jpg;0.64;475.91;99.96;759.98;442.11;
jpgImages\video\frames\moana_1080p_2min 137.jpg;0.97;98.06;131.94;441.96;484.92;
jpgImages\video\frames\moana_1080p_2min 137.jpg;0.80;543.54;133.76;760.31;417.01;
jpgImages\video\frames\moana_1080p_2min 138.jpg;0.96;82.60;114.12;411.01;495.12;
jpgImages\video\frames\moana_1080p_2min 138.jpg;0.90;499.76;137.12;766.70;459.14;
jpgImages\video\frames\moana_1080p_2min 139.jpg;0.98;401.36;123.12;845.98;479.47;
jpgImages\video\frames\moana_1080p_2min 139.jpg;0.98;84.11;119.20;403.96;489.94;
jpgImages\video\frames\moana_1080p_2min 140.jpg;1.00;468.67;120.78;779.69;423.89;
jpgImages\video\frames\moana_1080p_2min 140.jpg;0.98;79.90;114.23;396.86;492.35;
jpgImages\video\frames\moana_1080p_2min 141.jpg;0.99;466.22;126.20;782.62;427.51;
jpgImages\video\frames\moana_1080p_2min 141.jpg;0.81;64.48;101.49;343.82;500.51;
jpgImages\video\frames\moana_1080p_2min 142.jpg;0.99;458.16;122.79;793.73;432.43;
jpgImages\video\frames\moana_1080p_2min 142.jpg;0.83;57.43;98.58;350.49;505.02;
jpgImages\video\frames\moana_1080p_2min 143.jpg;1.00;266.78;65.68;855.31;493.21;
jpgImages\video\frames\moana_1080p_2min 144.jpg;1.00;290.50;106.74;877.79;492.75;
jpgImages\video\frames\moana_1080p_2min 145.jpg;1.00;291.12;89.74;892.95;508.11;
jpgImages\video\frames\moana_1080p_2min 146.jpg;1.00;343.93;111.72;897.28;496.34;
jpgImages\video\frames\moana_1080p_2min 147.jpg;1.00;308.94;119.54;883.97;503.25;
jpgImages\video\frames\moana_1080p_2min 148.jpg;1.00;343.26;109.74;905.99;503.96;
jpgImages\video\frames\moana_1080p_2min 149.jpg;1.00;348.87;104.29;907.21;501.76;
jpgImages\video\frames\moana_1080p_2min 150.jpg;1.00;317.54;112.68;873.67;499.93;
jpgImages\video\frames\moana_1080p_2min 151.jpg;1.00;339.41;108.08;903.85;501.73;
jpgImages\video\frames\moana_1080p_2min 152.jpg;1.00;350.48;107.48;905.23;495.47;
jpgImages\video\frames\moana_1080p_2min 153.jpg;1.00;274.67;115.45;897.93;498.54;
jpgImages\video\frames\moana_1080p_2min 154.jpg;0.99;114.77;93.78;489.80;492.69;
jpgImages\video\frames\moana_1080p_2min 154.jpg;0.99;448.08;120.89;858.34;508.50;
jpgImages\video\frames\moana_1080p_2min 155.jpg;0.99;72.81;83.54;479.90;498.69;
jpgImages\video\frames\moana_1080p_2min 155.jpg;0.96;470.53;142.32;843.74;479.46;
jpgImages\video\frames\moana_1080p_2min 156.jpg;0.99;51.98;83.03;477.76;497.40;
jpgImages\video\frames\moana_1080p_2min 156.jpg;0.96;459.06;76.01;848.80;479.07;
jpgImages\video\frames\moana_1080p_2min 157.jpg;0.98;28.20;75.17;444.27;504.94;
jpgImages\video\frames\moana_1080p_2min 157.jpg;0.91;481.29;115.40;769.30;487.08;
jpgImages\video\frames\moana_1080p_2min 157.jpg;0.47;215.10;83.43;713.48;470.91;
jpgImages\video\frames\moana_1080p_2min 158.jpg;0.98;493.33;107.89;882.39;485.32;
jpgImages\video\frames\moana_1080p_2min 158.jpg;0.96;16.47;68.52;378.03;514.28;
jpgImages\video\frames\moana_1080p_2min 159.jpg;0.95;453.60;133.56;857.46;488.93;
jpgImages\video\frames\moana_1080p_2min 159.jpg;0.82;2.10;78.24;298.36;515.11;
jpgImages\video\frames\moana_1080p_2min 160.jpg;0.91;442.85;123.93;801.80;493.83;
jpgImages\video\frames\moana_1080p_2min 160.jpg;0.56;3.00;73.22;154.88;511.11;
jpgImages\video\frames\moana_1080p_2min 161.jpg;0.96;395.95;127.03;794.45;493.41;
jpgImages\video\frames\moana_1080p_2min 162.jpg;0.98;393.48;107.95;791.62;500.30;
jpgImages\video\frames\moana_1080p_2min 163.jpg;0.78;386.28;117.00;975.68;486.16;
jpgImages\video\frames\moana_1080p_2min 163.jpg;0.43;163.56;78.07;755.42;523.81;
jpgImages\video\frames\moana_1080p_2min 164.jpg;0.70;433.90;77.76;881.96;485.27;
jpgImages\video\frames\moana_1080p_2min 166.jpg;0.99;461.24;96.29;803.94;439.00;
jpgImages\video\frames\moana_1080p_2min 167.jpg;0.99;457.18;84.48;777.47;453.20;
jpgImages\video\frames\moana_1080p_2min 168.jpg;0.96;378.90;75.39;752.25;474.25;
jpgImages\video\frames\moana_1080p_2min 169.jpg;1.00;343.31;86.16;760.78;465.53;
jpgImages\video\frames\moana_1080p_2min 170.jpg;1.00;175.41;93.95;555.83;499.29;
jpgImages\video\frames\moana_1080p_2min 171.jpg;1.00;174.67;91.13;561.78;498.68;
jpgImages\video\frames\moana_1080p_2min 172.jpg;1.00;173.00;86.81;559.86;499.55;
jpgImages\video\frames\moana_1080p_2min 173.jpg;0.99;678.85;164.46;870.30;327.89;
jpgImages\video\frames\moana_1080p_2min 173.jpg;0.44;426.72;271.05;504.81;467.89;
jpgImages\video\frames\moana_1080p_2min 174.jpg;0.96;606.86;163.75;835.96;457.88;
jpgImages\video\frames\moana_1080p_2min 175.jpg;0.99;588.92;277.34;801.40;463.39;
jpgImages\video\frames\moana_1080p_2min 175.jpg;0.83;422.27;267.61;514.31;446.56;
jpgImages\video\frames\moana_1080p_2min 176.jpg;0.23;517.15;204.35;751.73;452.74;
jpgImages\video\frames\moana_1080p_2min 176.jpg;0.23;428.66;276.70;487.47;436.31;
jpgImages\video\frames\moana_1080p_2min 177.jpg;0.55;425.87;198.88;699.57;464.57;
jpgImages\video\frames\moana_1080p_2min 177.jpg;0.24;363.68;278.94;510.26;456.37;
jpgImages\video\frames\moana_1080p_2min 178.jpg;0.96;410.35;153.24;631.87;466.11;
jpgImages\video\frames\moana_1080p_2min 179.jpg;0.99;371.12;184.16;614.43;468.10;
jpgImages\video\frames\moana_1080p_2min 180.jpg;0.99;532.09;300.12;631.64;442.57;
jpgImages\video\frames\moana_1080p_2min 180.jpg;0.88;332.34;211.92;548.64;463.09;
jpgImages\video\frames\moana_1080p_2min 181.jpg;1.00;554.63;278.46;652.47;449.27;
jpgImages\video\frames\moana_1080p_2min 181.jpg;0.26;275.94;255.68;500.18;423.50;
jpgImages\video\frames\moana_1080p_2min 182.jpg;0.97;578.44;275.19;654.56;443.26;
jpgImages\video\frames\moana_1080p_2min 183.jpg;0.98;177.81;228.83;515.04;436.09;
jpgImages\video\frames\moana_1080p_2min 183.jpg;0.92;585.00;266.97;655.23;441.29;
jpgImages\video\frames\moana_1080p_2min 184.jpg;0.98;586.04;265.64;665.10;430.18;
jpgImages\video\frames\moana_1080p_2min 185.jpg;0.96;477.29;190.88;773.49;502.93;
jpgImages\video\frames\moana_1080p_2min 185.jpg;0.24;2.67;341.42;89.32;506.61;
jpgImages\video\frames\moana_1080p_2min 186.jpg;0.93;476.25;186.09;778.51;507.04;
jpgImages\video\frames\moana_1080p_2min 186.jpg;0.85;5.72;64.98;291.72;516.99;
jpgImages\video\frames\moana_1080p_2min 187.jpg;0.91;12.01;161.54;581.91;502.57;
jpgImages\video\frames\moana_1080p_2min 187.jpg;0.79;485.73;192.90;769.65;501.44;
jpgImages\video\frames\moana_1080p_2min 188.jpg;0.91;126.50;63.90;647.46;515.26;
jpgImages\video\frames\moana_1080p_2min 188.jpg;0.79;531.98;172.02;727.11;512.63;
jpgImages\video\frames\moana_1080p_2min 189.jpg;0.93;35.03;63.39;623.36;493.90;
jpgImages\video\frames\moana_1080p_2min 189.jpg;0.72;538.30;178.02;711.69;508.72;
jpgImages\video\frames\moana_1080p_2min 190.jpg;0.95;80.37;63.23;631.22;515.33;
jpgImages\video\frames\moana_1080p_2min 190.jpg;0.52;528.01;164.53;796.89;509.45;
jpgImages\video\frames\moana_1080p_2min 190.jpg;0.24;545.73;225.70;687.68;497.62;
jpgImages\video\frames\moana_1080p_2min 191.jpg;0.99;535.15;174.78;719.81;508.13;
jpgImages\video\frames\moana_1080p_2min 191.jpg;0.92;20.78;145.15;628.97;511.93;
jpgImages\video\frames\moana_1080p_2min 192.jpg;0.27;290.55;234.98;700.33;491.27;
jpgImages\video\frames\moana_1080p_2min 195.jpg;0.99;400.28;146.35;647.69;404.24;
jpgImages\video\frames\moana_1080p_2min 195.jpg;0.90;647.96;252.66;851.50;422.42;
jpgImages\video\frames\moana_1080p_2min 196.jpg;0.43;378.98;161.22;673.24;494.53;
jpgImages\video\frames\moana_1080p_2min 197.jpg;0.82;276.95;73.50;548.28;330.21;
jpgImages\video\frames\moana_1080p_2min 198.jpg;0.99;276.93;95.67;518.30;381.12;
jpgImages\video\frames\moana_1080p_2min 198.jpg;0.33;558.02;143.81;709.56;455.37;
jpgImages\video\frames\moana_1080p_2min 199.jpg;0.99;282.51;86.58;591.81;454.37;
jpgImages\video\frames\moana_1080p_2min 201.jpg;0.97;322.80;166.56;593.39;453.13;
jpgImages\video\frames\moana_1080p_2min 201.jpg;0.40;131.05;114.46;468.40;434.32;
jpgImages\video\frames\moana_1080p_2min 202.jpg;0.98;405.99;189.25;605.17;438.39;
jpgImages\video\frames\moana_1080p_2min 203.jpg;0.97;384.46;156.64;688.29;451.68;
jpgImages\video\frames\moana_1080p_2min 203.jpg;0.95;270.00;279.87;444.91;493.49;
jpgImages\video\frames\moana_1080p_2min 204.jpg;0.93;385.72;154.04;668.35;385.53;
jpgImages\video\frames\moana_1080p_2min 204.jpg;0.71;313.09;240.27;482.08;488.37;
jpgImages\video\frames\moana_1080p_2min 205.jpg;0.59;305.13;228.75;480.31;499.20;
jpgImages\video\frames\moana_1080p_2min 205.jpg;0.53;444.34;147.69;695.65;452.64;
jpgImages\video\frames\moana_1080p_2min 206.jpg;1.00;18.25;203.79;273.84;506.25;
jpgImages\video\frames\moana_1080p_2min 206.jpg;0.99;451.69;61.93;987.58;500.29;
jpgImages\video\frames\moana_1080p_2min 207.jpg;1.00;531.95;76.44;1023.15;518.09;
jpgImages\video\frames\moana_1080p_2min 207.jpg;0.99;21.51;204.48;315.90;502.25;
jpgImages\video\frames\moana_1080p_2min 208.jpg;0.99;17.99;208.66;389.37;507.34;
jpgImages\video\frames\moana_1080p_2min 208.jpg;0.99;446.26;63.76;982.92;519.59;
jpgImages\video\frames\moana_1080p_2min 209.jpg;0.99;409.71;90.10;976.10;505.50;
jpgImages\video\frames\moana_1080p_2min 209.jpg;0.98;4.51;204.57;268.98;506.15;
jpgImages\video\frames\moana_1080p_2min 210.jpg;1.00;376.47;96.87;989.35;509.35;
jpgImages\video\frames\moana_1080p_2min 210.jpg;0.98;13.07;199.72;274.50;497.40;
jpgImages\video\frames\moana_1080p_2min 211.jpg;0.99;412.12;69.25;970.26;492.91;
jpgImages\video\frames\moana_1080p_2min 211.jpg;0.89;12.18;196.19;281.89;501.59;
jpgImages\video\frames\moana_1080p_2min 212.jpg;1.00;349.92;77.41;955.75;509.41;
jpgImages\video\frames\moana_1080p_2min 212.jpg;0.92;12.15;196.67;277.49;500.92;
jpgImages\video\frames\moana_1080p_2min 213.jpg;0.99;397.28;66.71;932.69;517.10;
jpgImages\video\frames\moana_1080p_2min 213.jpg;0.95;7.40;193.03;271.66;503.73;
jpgImages\video\frames\moana_1080p_2min 227.jpg;1.00;395.64;108.27;982.81;509.35;
jpgImages\video\frames\moana_1080p_2min 227.jpg;0.99;95.19;244.15;315.71;508.25;
jpgImages\video\frames\moana_1080p_2min 228.jpg;1.00;423.14;82.31;1005.60;512.67;
jpgImages\video\frames\moana_1080p_2min 228.jpg;0.99;93.79;239.82;319.09;510.47;
jpgImages\video\frames\moana_1080p_2min 229.jpg;1.00;363.66;111.36;947.84;509.46;
jpgImages\video\frames\moana_1080p_2min 229.jpg;0.99;94.01;238.82;313.82;507.83;
jpgImages\video\frames\moana_1080p_2min 230.jpg;1.00;357.39;103.14;910.02;508.57;
jpgImages\video\frames\moana_1080p_2min 230.jpg;0.99;88.04;234.79;322.39;505.66;
jpgImages\video\frames\moana_1080p_2min 231.jpg;1.00;347.37;97.58;896.34;502.33;
jpgImages\video\frames\moana_1080p_2min 231.jpg;0.95;91.59;241.15;318.91;504.59;
jpgImages\video\frames\moana_1080p_2min 232.jpg;1.00;340.28;101.64;862.75;508.89;
jpgImages\video\frames\moana_1080p_2min 232.jpg;0.97;85.87;240.02;328.86;501.58;
jpgImages\video\frames\moana_1080p_2min 233.jpg;0.99;347.05;80.45;912.22;518.88;
jpgImages\video\frames\moana_1080p_2min 233.jpg;0.95;85.30;235.91;319.57;504.39;
jpgImages\video\frames\moana_1080p_2min 234.jpg;0.98;354.69;91.35;910.52;518.75;
jpgImages\video\frames\moana_1080p_2min 234.jpg;0.96;68.74;232.18;299.47;504.39;
jpgImages\video\frames\moana_1080p_2min 235.jpg;1.00;331.21;82.30;915.04;517.01;
jpgImages\video\frames\moana_1080p_2min 235.jpg;0.94;78.38;227.45;327.98;500.99;
jpgImages\video\frames\moana_1080p_2min 236.jpg;0.99;402.84;108.16;969.77;504.81;
jpgImages\video\frames\moana_1080p_2min 236.jpg;0.92;83.18;225.52;321.17;503.46;
jpgImages\video\frames\moana_1080p_2min 237.jpg;1.00;334.10;95.19;908.38;509.51;
jpgImages\video\frames\moana_1080p_2min 237.jpg;0.87;59.53;218.44;297.63;506.99;
jpgImages\video\frames\moana_1080p_2min 238.jpg;0.99;348.51;90.34;949.11;515.94;
jpgImages\video\frames\moana_1080p_2min 238.jpg;0.87;61.63;211.27;299.11;507.91;
jpgImages\video\frames\moana_1080p_2min 239.jpg;0.98;66.89;225.43;294.58;503.90;
jpgImages\video\frames\moana_1080p_2min 239.jpg;0.96;436.02;71.63;940.16;512.93;
jpgImages\video\frames\moana_1080p_2min 240.jpg;1.00;476.16;103.94;967.29;512.71;
jpgImages\video\frames\moana_1080p_2min 240.jpg;0.79;40.18;218.09;307.35;496.13;
jpgImages\video\frames\moana_1080p_2min 241.jpg;0.99;441.62;115.56;1002.08;506.65;
jpgImages\video\frames\moana_1080p_2min 241.jpg;0.67;111.45;216.96;368.31;506.37;
jpgImages\video\frames\moana_1080p_2min 242.jpg;1.00;456.58;115.56;928.48;512.41;
jpgImages\video\frames\moana_1080p_2min 242.jpg;0.76;116.30;212.22;364.56;503.25;
jpgImages\video\frames\moana_1080p_2min 243.jpg;1.00;436.56;124.23;930.90;505.85;
jpgImages\video\frames\moana_1080p_2min 243.jpg;0.54;114.26;210.17;368.13;502.86;
jpgImages\video\frames\moana_1080p_2min 244.jpg;1.00;418.92;124.25;1005.42;503.59;
jpgImages\video\frames\moana_1080p_2min 244.jpg;0.70;41.33;208.09;314.72;499.53;
jpgImages\video\frames\moana_1080p_2min 245.jpg;1.00;363.91;121.48;939.22;501.81;
jpgImages\video\frames\moana_1080p_2min 245.jpg;0.76;47.81;210.40;305.05;497.69;
jpgImages\video\frames\moana_1080p_2min 246.jpg;0.94;377.62;47.76;986.19;493.28;
jpgImages\video\frames\moana_1080p_2min 246.jpg;0.32;113.66;67.55;737.46;523.97;
jpgImages\video\frames\moana_1080p_2min 247.jpg;0.31;1.56;68.10;587.31;521.77;
jpgImages\video\frames\moana_1080p_2min 247.jpg;0.28;397.86;68.64;1014.72;519.43;
jpgImages\video\frames\moana_1080p_2min 248.jpg;0.60;426.69;68.12;1050.22;515.32;
jpgImages\video\frames\moana_1080p_2min 248.jpg;0.42;183.47;49.36;792.43;542.24;
jpgImages\video\frames\moana_1080p_2min 249.jpg;0.38;425.11;63.84;1050.86;519.17;
jpgImages\video\frames\moana_1080p_2min 249.jpg;0.23;182.00;49.11;795.71;538.36;
jpgImages\video\frames\moana_1080p_2min 250.jpg;0.51;430.13;58.87;1047.26;524.16;
jpgImages\video\frames\moana_1080p_2min 250.jpg;0.27;183.80;49.53;796.52;534.77;
jpgImages\video\frames\moana_1080p_2min 251.jpg;0.34;685.04;69.80;1012.33;510.49;
jpgImages\video\frames\moana_1080p_2min 252.jpg;0.34;184.47;55.17;794.33;529.92;
jpgImages\video\frames\moana_1080p_2min 252.jpg;0.29;694.80;69.12;1008.66;511.09;
jpgImages\video\frames\moana_1080p_2min 253.jpg;0.49;284.45;60.45;820.82;528.27;
jpgImages\video\frames\moana_1080p_2min 253.jpg;0.41;722.93;63.91;1022.74;515.28;
jpgImages\video\frames\moana_1080p_2min 254.jpg;0.45;262.81;64.34;845.21;496.14;
jpgImages\video\frames\moana_1080p_2min 255.jpg;0.23;303.49;87.68;810.08;500.69;
jpgImages\video\frames\moana_1080p_2min 256.jpg;0.43;177.83;45.58;800.46;502.69;
jpgImages\video\frames\moana_1080p_2min 256.jpg;0.43;743.45;62.24;1016.09;491.06;
jpgImages\video\frames\moana_1080p_2min 257.jpg;0.37;744.96;60.86;1014.85;492.06;
jpgImages\video\frames\moana_1080p_2min 257.jpg;0.31;167.96;42.03;813.06;499.37;
jpgImages\video\frames\moana_1080p_2min 258.jpg;0.35;744.40;61.35;1013.91;489.56;
jpgImages\video\frames\moana_1080p_2min 258.jpg;0.31;134.83;63.02;783.46;543.50;
jpgImages\video\frames\moana_1080p_2min 259.jpg;0.83;176.21;127.20;553.46;505.56;
jpgImages\video\frames\moana_1080p_2min 260.jpg;0.91;445.20;64.48;1042.28;495.68;
jpgImages\video\frames\moana_1080p_2min 260.jpg;0.77;184.13;133.26;546.90;511.09;
jpgImages\video\frames\moana_1080p_2min 261.jpg;0.99;410.52;73.68;978.28;512.38;
jpgImages\video\frames\moana_1080p_2min 261.jpg;0.86;122.79;125.37;475.89;507.54;
jpgImages\video\frames\moana_1080p_2min 262.jpg;0.99;281.03;73.60;847.95;511.98;
jpgImages\video\frames\moana_1080p_2min 262.jpg;0.95;131.28;152.27;410.69;497.29;
jpgImages\video\frames\moana_1080p_2min 263.jpg;0.99;276.35;111.83;858.42;505.08;
jpgImages\video\frames\moana_1080p_2min 263.jpg;0.87;135.88;153.85;411.33;499.55;
jpgImages\video\frames\moana_1080p_2min 264.jpg;0.99;114.59;150.18;363.75;501.47;
jpgImages\video\frames\moana_1080p_2min 264.jpg;0.65;305.21;90.23;894.12;499.57;
jpgImages\video\frames\moana_1080p_2min 265.jpg;0.98;253.29;89.20;814.40;513.68;
jpgImages\video\frames\moana_1080p_2min 265.jpg;0.87;60.73;167.51;363.31;498.79;
jpgImages\video\frames\moana_1080p_2min 266.jpg;0.98;220.24;106.30;779.80;515.15;
jpgImages\video\frames\moana_1080p_2min 266.jpg;0.93;48.72;180.70;313.12;500.17;
jpgImages\video\frames\moana_1080p_2min 266.jpg;0.47;422.20;113.39;1003.35;495.69;
jpgImages\video\frames\moana_1080p_2min 267.jpg;0.99;13.16;190.54;269.95;499.56;
jpgImages\video\frames\moana_1080p_2min 267.jpg;0.99;275.14;114.79;835.29;506.62;
jpgImages\video\frames\moana_1080p_2min 268.jpg;0.99;172.21;79.11;750.61;510.28;
jpgImages\video\frames\moana_1080p_2min 268.jpg;0.99;1.67;179.09;338.83;500.59;
jpgImages\video\frames\moana_1080p_2min 268.jpg;0.89;602.40;84.94;978.86;494.30;
jpgImages\video\frames\moana_1080p_2min 269.jpg;0.98;64.45;182.25;404.18;504.90;
jpgImages\video\frames\moana_1080p_2min 269.jpg;0.97;251.76;86.65;815.59;499.65;
jpgImages\video\frames\moana_1080p_2min 270.jpg;1.00;284.10;89.93;841.48;508.96;
jpgImages\video\frames\moana_1080p_2min 270.jpg;0.94;74.01;155.94;414.47;503.50;
jpgImages\video\frames\moana_1080p_2min 271.jpg;0.99;74.33;177.32;407.33;498.72;
jpgImages\video\frames\moana_1080p_2min 271.jpg;0.98;275.14;106.25;849.75;509.18;
jpgImages\video\frames\moana_1080p_2min 272.jpg;0.96;125.33;152.68;406.41;502.54;
jpgImages\video\frames\moana_1080p_2min 272.jpg;0.70;310.18;68.54;834.05;527.01;
jpgImages\video\frames\moana_1080p_2min 273.jpg;0.99;96.30;177.28;389.09;502.66;
jpgImages\video\frames\moana_1080p_2min 273.jpg;0.74;315.97;97.39;878.60;517.81;
jpgImages\video\frames\moana_1080p_2min 274.jpg;1.00;69.80;177.58;402.00;501.14;
jpgImages\video\frames\moana_1080p_2min 274.jpg;0.71;300.71;63.87;842.43;519.46;
jpgImages\video\frames\moana_1080p_2min 284.jpg;0.91;289.86;133.84;704.55;512.72;
jpgImages\video\frames\moana_1080p_2min 284.jpg;0.77;0.27;106.07;602.69;514.27;
jpgImages\video\frames\moana_1080p_2min 284.jpg;0.26;439.61;23.35;1054.83;528.36;
jpgImages\video\frames\moana_1080p_2min 285.jpg;0.97;436.59;126.09;804.32;501.93;
jpgImages\video\frames\moana_1080p_2min 285.jpg;0.95;0.15;59.32;538.45;525.04;
jpgImages\video\frames\moana_1080p_2min 286.jpg;1.00;445.36;115.09;861.09;504.65;
jpgImages\video\frames\moana_1080p_2min 286.jpg;0.97;5.25;63.73;553.48;498.15;
jpgImages\video\frames\moana_1080p_2min 287.jpg;1.00;482.47;118.16;837.08;501.42;
jpgImages\video\frames\moana_1080p_2min 287.jpg;0.80;6.51;58.87;557.65;500.50;
jpgImages\video\frames\moana_1080p_2min 288.jpg;0.99;509.34;119.49;806.96;501.06;
jpgImages\video\frames\moana_1080p_2min 288.jpg;0.97;18.16;62.74;509.81;497.67;
jpgImages\video\frames\moana_1080p_2min 289.jpg;0.99;294.80;148.30;561.67;446.73;
jpgImages\video\frames\moana_1080p_2min 289.jpg;0.92;457.69;187.06;557.43;428.39;
jpgImages\video\frames\moana_1080p_2min 290.jpg;0.69;288.10;105.76;579.81;493.49;
jpgImages\video\frames\moana_1080p_2min 291.jpg;0.63;339.75;81.67;656.66;442.65;
jpgImages\video\frames\moana_1080p_2min 292.jpg;0.96;424.74;139.10;835.77;480.71;
jpgImages\video\frames\moana_1080p_2min 293.jpg;0.98;464.77;204.85;554.32;441.62;
jpgImages\video\frames\moana_1080p_2min 293.jpg;0.92;501.47;77.52;937.24;482.78;
jpgImages\video\frames\moana_1080p_2min 294.jpg;0.99;445.81;183.02;547.75;445.04;
jpgImages\video\frames\moana_1080p_2min 294.jpg;0.96;605.83;80.02;892.29;401.55;
jpgImages\video\frames\moana_1080p_2min 295.jpg;0.99;436.05;182.79;542.22;446.68;
jpgImages\video\frames\moana_1080p_2min 295.jpg;0.42;548.03;148.16;840.87;407.57;
jpgImages\video\frames\moana_1080p_2min 296.jpg;0.99;426.49;196.08;516.72;451.30;
jpgImages\video\frames\moana_1080p_2min 296.jpg;0.68;550.25;120.66;872.14;379.86;
jpgImages\video\frames\moana_1080p_2min 297.jpg;0.99;389.80;203.14;490.92;458.46;
jpgImages\video\frames\moana_1080p_2min 298.jpg;1.00;369.69;203.20;478.72;455.71;
jpgImages\video\frames\moana_1080p_2min 298.jpg;0.65;502.40;115.98;745.91;424.69;
jpgImages\video\frames\moana_1080p_2min 299.jpg;0.95;357.00;199.29;481.74;452.55;
jpgImages\video\frames\moana_1080p_2min 299.jpg;0.94;467.59;145.63;733.57;418.47;
jpgImages\video\frames\moana_1080p_2min 300.jpg;0.98;370.56;193.01;479.08;458.93;
jpgImages\video\frames\moana_1080p_2min 300.jpg;0.96;452.77;143.87;712.55;423.39;
jpgImages\video\frames\moana_1080p_2min 301.jpg;0.65;321.48;188.09;518.42;482.11;
jpgImages\video\frames\moana_1080p_2min 302.jpg;0.51;498.20;259.48;644.09;496.18;
jpgImages\video\frames\moana_1080p_2min 303.jpg;0.80;594.52;257.22;703.08;495.53;
jpgImages\video\frames\moana_1080p_2min 303.jpg;0.21;326.19;105.00;663.88;433.46;
jpgImages\video\frames\moana_1080p_2min 304.jpg;0.99;297.25;116.13;523.16;405.94;
jpgImages\video\frames\moana_1080p_2min 304.jpg;0.97;626.77;254.16;728.73;508.72;
jpgImages\video\frames\moana_1080p_2min 305.jpg;0.99;652.65;256.39;746.99;506.31;
jpgImages\video\frames\moana_1080p_2min 305.jpg;0.86;287.12;106.91;525.67;418.56;
jpgImages\video\frames\moana_1080p_2min 306.jpg;0.97;670.15;259.77;768.14;503.58;
jpgImages\video\frames\moana_1080p_2min 307.jpg;0.99;679.63;250.20;776.83;510.33;
jpgImages\video\frames\moana_1080p_2min 307.jpg;0.77;235.74;98.97;502.81;425.06;
jpgImages\video\frames\moana_1080p_2min 308.jpg;0.98;253.16;133.53;527.89;467.17;
jpgImages\video\frames\moana_1080p_2min 308.jpg;0.96;678.79;253.97;778.29;507.83;
jpgImages\video\frames\moana_1080p_2min 309.jpg;0.97;682.65;249.98;780.66;511.23;
jpgImages\video\frames\moana_1080p_2min 309.jpg;0.91;276.63;143.14;519.43;415.21;
jpgImages\video\frames\moana_1080p_2min 310.jpg;1.00;267.61;167.54;536.29;429.83;
jpgImages\video\frames\moana_1080p_2min 310.jpg;0.96;681.08;244.33;833.65;511.21;
jpgImages\video\frames\moana_1080p_2min 311.jpg;0.99;685.58;241.54;819.68;515.53;
jpgImages\video\frames\moana_1080p_2min 311.jpg;0.98;268.82;170.67;597.89;424.69;
jpgImages\video\frames\moana_1080p_2min 312.jpg;0.88;695.27;191.11;1008.27;499.59;
jpgImages\video\frames\moana_1080p_2min 313.jpg;0.64;699.49;183.12;993.33;504.96;
jpgImages\video\frames\moana_1080p_2min 313.jpg;0.59;35.35;47.03;627.26;508.59;
jpgImages\video\frames\moana_1080p_2min 314.jpg;0.63;462.93;33.78;1026.70;502.84;
jpgImages\video\frames\moana_1080p_2min 315.jpg;0.24;405.42;69.81;1019.16;517.99;
jpgImages\video\frames\moana_1080p_2min 316.jpg;0.23;330.62;69.80;961.38;515.20;
jpgImages\video\frames\moana_1080p_2min 317.jpg;0.21;406.71;63.73;1019.69;526.70;
jpgImages\video\frames\moana_1080p_2min 318.jpg;0.54;331.32;68.24;961.28;516.21;
jpgImages\video\frames\moana_1080p_2min 319.jpg;0.46;333.87;69.92;956.27;511.34;
jpgImages\video\frames\moana_1080p_2min 355.jpg;0.99;241.57;59.27;813.36;501.96;
jpgImages\video\frames\moana_1080p_2min 355.jpg;0.56;20.87;78.99;337.93;502.39;
jpgImages\video\frames\moana_1080p_2min 355.jpg;0.26;449.37;62.39;1028.62;516.56;
jpgImages\video\frames\moana_1080p_2min 356.jpg;0.88;31.21;82.82;380.69;500.46;
jpgImages\video\frames\moana_1080p_2min 356.jpg;0.85;267.10;53.66;863.03;506.87;
jpgImages\video\frames\moana_1080p_2min 357.jpg;0.98;59.49;101.52;610.88;510.71;
jpgImages\video\frames\moana_1080p_2min 357.jpg;0.51;257.02;77.59;879.87;518.95;
jpgImages\video\frames\moana_1080p_2min 358.jpg;0.84;54.25;104.17;358.63;507.18;
jpgImages\video\frames\moana_1080p_2min 359.jpg;0.97;426.43;128.13;1006.53;497.47;
jpgImages\video\frames\moana_1080p_2min 359.jpg;0.74;73.23;109.55;592.98;513.62;
jpgImages\video\frames\moana_1080p_2min 360.jpg;0.96;411.40;65.46;967.69;502.46;
jpgImages\video\frames\moana_1080p_2min 360.jpg;0.71;61.44;128.77;597.60;533.42;
jpgImages\video\frames\moana_1080p_2min 361.jpg;0.87;308.11;53.63;869.88;505.09;
jpgImages\video\frames\moana_1080p_2min 361.jpg;0.85;56.12;150.72;612.50;517.15;
jpgImages\video\frames\moana_1080p_2min 362.jpg;0.84;127.23;79.47;665.02;514.96;
jpgImages\video\frames\moana_1080p_2min 362.jpg;0.28;402.74;72.29;1021.37;530.54;
jpgImages\video\frames\moana_1080p_2min 363.jpg;0.88;421.25;95.97;881.67;511.14;
jpgImages\video\frames\moana_1080p_2min 363.jpg;0.28;70.60;89.43;489.04;508.76;
jpgImages\video\frames\moana_1080p_2min 364.jpg;0.95;270.99;142.02;852.90;526.82;
jpgImages\video\frames\moana_1080p_2min 364.jpg;0.85;8.18;75.45;481.34;509.98;
jpgImages\video\frames\moana_1080p_2min 365.jpg;0.96;394.61;149.12;725.04;497.57;
jpgImages\video\frames\moana_1080p_2min 365.jpg;0.85;8.27;76.45;475.65;501.79;
jpgImages\video\frames\moana_1080p_2min 366.jpg;0.97;471.08;129.97;782.29;497.41;
jpgImages\video\frames\moana_1080p_2min 366.jpg;0.70;5.39;70.28;510.65;508.83;
jpgImages\video\frames\moana_1080p_2min 367.jpg;0.88;545.95;124.43;884.45;506.98;
jpgImages\video\frames\moana_1080p_2min 368.jpg;0.95;465.65;103.99;846.35;508.12;
jpgImages\video\frames\moana_1080p_2min 369.jpg;0.90;455.89;129.39;784.03;503.73;
jpgImages\video\frames\moana_1080p_2min 369.jpg;0.77;0.01;111.20;481.79;503.90;
jpgImages\video\frames\moana_1080p_2min 370.jpg;0.85;463.87;144.73;774.82;497.01;
jpgImages\video\frames\moana_1080p_2min 370.jpg;0.34;199.14;113.03;719.02;508.61;
jpgImages\video\frames\moana_1080p_2min 370.jpg;0.22;7.68;195.29;501.44;484.60;
jpgImages\video\frames\moana_1080p_2min 371.jpg;0.91;145.35;60.99;650.64;503.13;
jpgImages\video\frames\moana_1080p_2min 371.jpg;0.72;369.94;52.94;863.50;499.55;
jpgImages\video\frames\moana_1080p_2min 371.jpg;0.62;614.88;181.53;878.11;505.65;
jpgImages\video\frames\moana_1080p_2min 372.jpg;1.00;126.00;86.51;657.97;504.77;
jpgImages\video\frames\moana_1080p_2min 372.jpg;0.99;572.48;181.78;1008.09;498.14;
jpgImages\video\frames\moana_1080p_2min 373.jpg;0.99;116.17;60.78;671.44;519.79;
jpgImages\video\frames\moana_1080p_2min 373.jpg;0.97;638.73;191.02;977.82;495.83;
jpgImages\video\frames\moana_1080p_2min 373.jpg;0.46;315.50;56.68;853.23;480.54;
jpgImages\video\frames\moana_1080p_2min 374.jpg;0.99;66.26;84.81;663.10;521.90;
jpgImages\video\frames\moana_1080p_2min 374.jpg;0.65;637.80;191.69;925.88;503.24;
jpgImages\video\frames\moana_1080p_2min 374.jpg;0.21;316.25;92.23;845.29;506.11;
jpgImages\video\frames\moana_1080p_2min 375.jpg;0.99;98.96;68.90;684.68;520.79;
jpgImages\video\frames\moana_1080p_2min 375.jpg;0.88;647.48;198.21;917.82;496.99;
jpgImages\video\frames\moana_1080p_2min 375.jpg;0.38;340.29;53.09;883.50;493.78;
jpgImages\video\frames\moana_1080p_2min 376.jpg;0.99;145.79;63.57;698.93;521.90;
jpgImages\video\frames\moana_1080p_2min 376.jpg;0.83;656.60;199.00;921.25;496.51;
jpgImages\video\frames\moana_1080p_2min 376.jpg;0.32;421.20;172.13;882.23;503.24;
jpgImages\video\frames\moana_1080p_2min 377.jpg;0.97;659.53;201.20;922.99;495.37;
jpgImages\video\frames\moana_1080p_2min 377.jpg;0.63;90.49;65.64;701.10;489.06;
jpgImages\video\frames\moana_1080p_2min 378.jpg;1.00;111.29;80.55;548.77;476.48;
jpgImages\video\frames\moana_1080p_2min 378.jpg;0.79;618.06;254.35;952.58;502.34;
jpgImages\video\frames\moana_1080p_2min 379.jpg;1.00;43.70;93.91;512.66;490.28;
jpgImages\video\frames\moana_1080p_2min 379.jpg;0.83;635.50;254.85;935.83;499.65;
jpgImages\video\frames\moana_1080p_2min 380.jpg;0.99;84.44;78.95;590.05;473.78;
jpgImages\video\frames\moana_1080p_2min 380.jpg;0.70;635.01;254.40;936.73;499.76;
jpgImages\video\frames\moana_1080p_2min 381.jpg;0.91;634.69;258.93;937.29;496.45;
jpgImages\video\frames\moana_1080p_2min 381.jpg;0.53;87.73;91.90;583.03;523.53;
jpgImages\video\frames\moana_1080p_2min 382.jpg;0.89;78.74;61.59;597.75;487.93;
jpgImages\video\frames\moana_1080p_2min 382.jpg;0.79;639.97;264.08;932.52;494.47;
jpgImages\video\frames\moana_1080p_2min 383.jpg;0.94;695.72;261.58;928.05;496.78;
jpgImages\video\frames\moana_1080p_2min 383.jpg;0.76;86.02;95.32;595.48;521.27;
jpgImages\video\frames\moana_1080p_2min 384.jpg;0.99;710.88;258.51;932.47;496.25;
jpgImages\video\frames\moana_1080p_2min 384.jpg;0.85;86.50;64.84;588.21;478.11;
jpgImages\video\frames\moana_1080p_2min 385.jpg;0.99;114.72;95.81;569.13;519.27;
jpgImages\video\frames\moana_1080p_2min 385.jpg;0.98;712.80;259.31;933.60;494.83;
jpgImages\video\frames\moana_1080p_2min 386.jpg;0.99;202.67;111.34;616.10;500.04;
jpgImages\video\frames\moana_1080p_2min 386.jpg;0.98;712.65;261.71;925.70;491.21;
jpgImages\video\frames\moana_1080p_2min 387.jpg;0.90;697.87;259.46;919.06;492.87;
jpgImages\video\frames\moana_1080p_2min 387.jpg;0.66;238.25;155.59;631.86;501.10;
jpgImages\video\frames\moana_1080p_2min 388.jpg;1.00;199.84;110.06;660.39;509.01;
jpgImages\video\frames\moana_1080p_2min 388.jpg;0.71;623.16;250.50;882.94;504.06;
jpgImages\video\frames\moana_1080p_2min 389.jpg;0.99;215.66;148.72;645.91;501.66;
jpgImages\video\frames\moana_1080p_2min 390.jpg;0.96;235.45;152.20;622.82;501.66;
jpgImages\video\frames\moana_1080p_2min 390.jpg;0.71;686.95;245.65;870.46;490.91;
jpgImages\video\frames\moana_1080p_2min 401.jpg;0.69;227.81;58.20;814.67;528.53;
jpgImages\video\frames\moana_1080p_2min 402.jpg;0.99;229.24;86.62;631.32;481.64;
jpgImages\video\frames\moana_1080p_2min 403.jpg;1.00;190.15;110.97;689.40;506.13;
jpgImages\video\frames\moana_1080p_2min 404.jpg;1.00;195.52;119.24;660.13;492.05;
jpgImages\video\frames\moana_1080p_2min 405.jpg;0.99;136.67;98.12;673.07;497.70;
jpgImages\video\frames\moana_1080p_2min 406.jpg;0.59;147.01;67.83;705.37;481.63;
jpgImages\video\frames\moana_1080p_2min 407.jpg;0.87;146.77;275.02;725.80;506.41;
jpgImages\video\frames\moana_1080p_2min 407.jpg;0.34;467.84;50.33;1018.71;528.97;
jpgImages\video\frames\moana_1080p_2min 410.jpg;0.98;369.92;224.74;606.21;467.06;
jpgImages\video\frames\moana_1080p_2min 411.jpg;0.96;373.17;101.71;670.52;482.87;
jpgImages\video\frames\moana_1080p_2min 412.jpg;1.00;383.31;142.65;681.62;478.65;
jpgImages\video\frames\moana_1080p_2min 413.jpg;1.00;381.76;125.98;679.05;483.54;
jpgImages\video\frames\moana_1080p_2min 414.jpg;0.98;369.74;128.84;678.01;485.26;
jpgImages\video\frames\moana_1080p_2min 415.jpg;1.00;369.20;142.63;675.26;477.49;
jpgImages\video\frames\moana_1080p_2min 416.jpg;1.00;370.35;137.79;678.63;479.65;
jpgImages\video\frames\moana_1080p_2min 417.jpg;1.00;280.93;112.48;724.93;504.00;
jpgImages\video\frames\moana_1080p_2min 418.jpg;0.99;296.31;114.84;751.08;507.01;
jpgImages\video\frames\moana_1080p_2min 419.jpg;1.00;193.86;171.52;674.65;500.80;
jpgImages\video\frames\moana_1080p_2min 420.jpg;0.93;138.24;95.68;785.68;506.91;
jpgImages\video\frames\moana_1080p_2min 421.jpg;0.97;276.46;70.36;832.71;481.65;
jpgImages\video\frames\moana_1080p_2min 421.jpg;0.71;610.84;84.88;1016.89;508.02;
jpgImages\video\frames\moana_1080p_2min 421.jpg;0.44;15.67;41.36;531.60;503.82;
jpgImages\video\frames\moana_1080p_2min 422.jpg;0.82;611.93;123.44;1004.35;483.89;
jpgImages\video\frames\moana_1080p_2min 422.jpg;0.35;335.35;69.42;956.44;514.50;
jpgImages\video\frames\moana_1080p_2min 423.jpg;0.96;350.07;69.97;947.54;517.20;
jpgImages\video\frames\moana_1080p_2min 423.jpg;0.28;7.21;60.31;593.19;527.20;
jpgImages\video\frames\moana_1080p_2min 425.jpg;0.88;321.81;127.68;594.57;408.56;
jpgImages\video\frames\moana_1080p_2min 426.jpg;0.99;357.11;193.01;574.09;422.14;
jpgImages\video\frames\moana_1080p_2min 427.jpg;0.92;520.18;203.35;1028.29;506.24;
jpgImages\video\frames\moana_1080p_2min 428.jpg;0.96;502.79;206.21;1046.52;505.89;
jpgImages\video\frames\moana_1080p_2min 431.jpg;0.30;129.56;51.50;666.63;494.42;
jpgImages\video\frames\moana_1080p_2min 432.jpg;0.98;253.12;122.66;734.71;500.61;
jpgImages\video\frames\moana_1080p_2min 433.jpg;0.86;243.76;89.77;792.98;513.66;
jpgImages\video\frames\moana_1080p_2min 434.jpg;0.99;210.33;115.55;761.94;509.50;
jpgImages\video\frames\moana_1080p_2min 435.jpg;0.96;257.64;117.85;784.97;505.07;
jpgImages\video\frames\moana_1080p_2min 436.jpg;0.99;239.75;126.35;752.79;502.24;
jpgImages\video\frames\moana_1080p_2min 437.jpg;1.00;293.55;93.96;834.63;505.40;
jpgImages\video\frames\moana_1080p_2min 441.jpg;0.36;379.15;121.04;620.94;503.17;
jpgImages\video\frames\moana_1080p_2min 442.jpg;0.94;376.10;268.14;634.73;485.94;
jpgImages\video\frames\moana_1080p_2min 443.jpg;0.86;345.56;286.75;659.15;498.87;
jpgImages\video\frames\moana_1080p_2min 444.jpg;0.78;537.40;250.54;622.59;427.71;
jpgImages\video\frames\moana_1080p_2min 454.jpg;0.79;18.32;85.76;643.62;513.02;
jpgImages\video\frames\moana_1080p_2min 455.jpg;1.00;221.47;114.72;711.07;494.25;
jpgImages\video\frames\moana_1080p_2min 456.jpg;0.97;272.71;92.09;844.69;512.35;
jpgImages\video\frames\moana_1080p_2min 457.jpg;1.00;212.83;109.46;763.64;505.44;
jpgImages\video\frames\moana_1080p_2min 458.jpg;0.98;263.76;104.16;793.87;508.50;
jpgImages\video\frames\moana_1080p_2min 459.jpg;0.99;239.80;124.62;757.94;499.13;
jpgImages\video\frames\moana_1080p_2min 461.jpg;0.49;500.12;228.74;685.51;444.20;
jpgImages\video\frames\moana_1080p_2min 462.jpg;0.93;395.70;95.77;580.21;293.15;
jpgImages\video\frames\moana_1080p_2min 463.jpg;0.76;498.48;136.29;665.81;391.92;
jpgImages\video\frames\moana_1080p_2min 465.jpg;0.95;278.82;327.20;515.07;494.73;
jpgImages\video\frames\moana_1080p_2min 466.jpg;0.33;436.41;152.05;662.92;464.70;
jpgImages\video\frames\moana_1080p_2min 468.jpg;0.89;372.33;213.36;637.03;413.10;
jpgImages\video\frames\moana_1080p_2min 469.jpg;0.71;344.33;89.95;716.12;320.26;
jpgImages\video\frames\moana_1080p_2min 470.jpg;1.00;354.63;161.82;641.32;471.39;
jpgImages\video\frames\moana_1080p_2min 471.jpg;1.00;324.29;159.18;659.29;457.22;
jpgImages\video\frames\moana_1080p_2min 472.jpg;0.99;355.46;138.57;716.05;454.54;
jpgImages\video\frames\moana_1080p_2min 473.jpg;0.97;343.64;147.53;716.26;458.34;
jpgImages\video\frames\moana_1080p_2min 475.jpg;0.72;235.46;73.65;752.95;477.92;
jpgImages\video\frames\moana_1080p_2min 476.jpg;0.96;244.55;65.25;699.26;486.99;
jpgImages\video\frames\moana_1080p_2min 477.jpg;0.80;277.74;82.86;785.45;523.18;
jpgImages\video\frames\moana_1080p_2min 478.jpg;0.96;274.51;119.53;728.48;504.79;
jpgImages\video\frames\moana_1080p_2min 481.jpg;0.98;10.98;92.69;567.85;503.96;
jpgImages\video\frames\moana_1080p_2min 481.jpg;0.97;227.18;75.47;823.98;482.34;
jpgImages\video\frames\moana_1080p_2min 481.jpg;0.58;503.99;77.94;984.63;459.30;
jpgImages\video\frames\moana_1080p_2min 482.jpg;0.99;13.61;71.65;598.35;516.19;
jpgImages\video\frames\moana_1080p_2min 482.jpg;0.97;257.21;58.27;859.43;497.72;
jpgImages\video\frames\moana_1080p_2min 483.jpg;1.00;15.86;84.09;592.42;510.74;
jpgImages\video\frames\moana_1080p_2min 483.jpg;0.92;306.91;66.33;877.32;483.38;
jpgImages\video\frames\moana_1080p_2min 484.jpg;0.60;406.87;46.12;1018.12;507.02;
jpgImages\video\frames\moana_1080p_2min 485.jpg;0.85;31.77;80.00;524.63;520.07;
jpgImages\video\frames\moana_1080p_2min 485.jpg;0.80;183.42;48.65;795.33;537.81;
jpgImages\video\frames\moana_1080p_2min 485.jpg;0.52;447.78;93.80;1042.44;502.09;
jpgImages\video\frames\moana_1080p_2min 486.jpg;0.90;191.62;44.46;789.61;510.48;
jpgImages\video\frames\moana_1080p_2min 486.jpg;0.84;420.00;51.12;1006.11;504.10;
jpgImages\video\frames\moana_1080p_2min 487.jpg;0.93;218.81;40.41;820.92;508.09;
jpgImages\video\frames\moana_1080p_2min 487.jpg;0.74;446.92;52.60;1044.59;495.48;
jpgImages\video\frames\moana_1080p_2min 487.jpg;0.55;30.81;56.55;519.52;505.01;
jpgImages\video\frames\moana_1080p_2min 488.jpg;0.98;190.59;60.84;794.03;481.96;
jpgImages\video\frames\moana_1080p_2min 488.jpg;0.63;2.06;59.45;553.60;540.91;
jpgImages\video\frames\moana_1080p_2min 499.jpg;1.00;188.88;69.21;736.89;517.32;
jpgImages\video\frames\moana_1080p_2min 499.jpg;0.65;84.13;260.34;399.77;511.95;
jpgImages\video\frames\moana_1080p_2min 500.jpg;1.00;236.65;67.08;740.48;493.05;
jpgImages\video\frames\moana_1080p_2min 500.jpg;0.64;105.01;282.69;373.92;504.48;
jpgImages\video\frames\moana_1080p_2min 500.jpg;0.30;24.88;88.92;341.34;500.84;
jpgImages\video\frames\moana_1080p_2min 501.jpg;1.00;179.99;55.67;734.09;503.43;
jpgImages\video\frames\moana_1080p_2min 501.jpg;0.69;90.68;274.12;389.30;505.93;
jpgImages\video\frames\moana_1080p_2min 502.jpg;0.98;214.36;57.13;761.42;494.06;
jpgImages\video\frames\moana_1080p_2min 503.jpg;1.00;222.23;49.79;759.85;496.50;
jpgImages\video\frames\moana_1080p_2min 503.jpg;0.61;44.67;129.28;366.04;479.24;
jpgImages\video\frames\moana_1080p_2min 504.jpg;1.00;554.43;84.52;955.49;499.00;
jpgImages\video\frames\moana_1080p_2min 504.jpg;0.66;0.71;82.31;410.98;509.62;
jpgImages\video\frames\moana_1080p_2min 505.jpg;1.00;558.65;86.31;951.35;496.51;
jpgImages\video\frames\moana_1080p_2min 505.jpg;0.79;3.08;66.91;360.39;513.11;
jpgImages\video\frames\moana_1080p_2min 505.jpg;0.34;56.82;32.53;659.12;501.02;
jpgImages\video\frames\moana_1080p_2min 506.jpg;1.00;555.82;84.92;956.06;497.78;
jpgImages\video\frames\moana_1080p_2min 506.jpg;0.50;17.16;37.15;644.36;505.15;
jpgImages\video\frames\moana_1080p_2min 509.jpg;0.89;943.23;364.85;1025.53;493.17;
jpgImages\video\frames\moana_1080p_2min 514.jpg;0.23;144.35;398.94;269.47;504.68;
jpgImages\video\frames\moana_1080p_2min 517.jpg;0.20;690.68;354.70;818.87;496.66;
jpgImages\video\frames\moana_1080p_2min 518.jpg;0.40;33.19;359.81;138.08;489.96;
jpgImages\video\frames\moana_1080p_2min 519.jpg;0.22;858.23;365.05;961.64;494.68;
jpgImages\video\frames\moana_1080p_2min 522.jpg;0.79;537.97;181.35;1024.01;489.49;
jpgImages\video\frames\moana_1080p_2min 523.jpg;0.95;442.86;80.10;985.88;478.10;
jpgImages\video\frames\moana_1080p_2min 524.jpg;0.98;504.99;99.79;1039.83;502.63;
jpgImages\video\frames\moana_1080p_2min 525.jpg;0.96;460.71;98.00;1031.46;509.91;
jpgImages\video\frames\moana_1080p_2min 526.jpg;0.98;387.15;64.64;867.65;487.49;
jpgImages\video\frames\moana_1080p_2min 527.jpg;0.93;180.07;91.31;743.78;509.07;
jpgImages\video\frames\moana_1080p_2min 528.jpg;0.93;100.86;212.58;636.82;511.92;
jpgImages\video\frames\moana_1080p_2min 529.jpg;0.96;220.40;104.33;636.43;497.92;
jpgImages\video\frames\moana_1080p_2min 529.jpg;0.93;880.39;244.88;1025.44;501.94;
jpgImages\video\frames\moana_1080p_2min 530.jpg;1.00;879.05;233.87;1027.74;491.35;
jpgImages\video\frames\moana_1080p_2min 530.jpg;0.98;159.49;99.91;647.59;498.05;
jpgImages\video\frames\moana_1080p_2min 531.jpg;1.00;842.25;237.31;1006.59;501.58;
jpgImages\video\frames\moana_1080p_2min 531.jpg;0.99;106.48;130.64;631.58;488.58;
jpgImages\video\frames\moana_1080p_2min 532.jpg;0.93;836.54;239.17;1000.88;500.08;
jpgImages\video\frames\moana_1080p_2min 532.jpg;0.85;162.08;124.05;633.72;495.73;
jpgImages\video\frames\moana_1080p_2min 532.jpg;0.28;434.54;49.28;1054.19;507.56;
jpgImages\video\frames\moana_1080p_2min 533.jpg;1.00;740.17;233.31;941.68;500.79;
jpgImages\video\frames\moana_1080p_2min 533.jpg;0.91;75.42;92.94;658.98;518.58;
jpgImages\video\frames\moana_1080p_2min 534.jpg;0.92;94.76;85.36;568.87;508.73;
jpgImages\video\frames\moana_1080p_2min 534.jpg;0.81;693.90;264.92;931.10;494.14;
jpgImages\video\frames\moana_1080p_2min 535.jpg;0.97;2.26;164.13;484.33;511.33;
jpgImages\video\frames\moana_1080p_2min 535.jpg;0.82;683.90;237.45;860.20;493.60;
jpgImages\video\frames\moana_1080p_2min 536.jpg;1.00;13.28;161.77;469.53;504.21;
jpgImages\video\frames\moana_1080p_2min 536.jpg;0.95;633.67;256.56;825.47;499.78;
jpgImages\video\frames\moana_1080p_2min 537.jpg;0.99;74.06;150.77;541.20;507.02;
jpgImages\video\frames\moana_1080p_2min 537.jpg;0.97;622.39;213.30;795.10;500.38;
jpgImages\video\frames\moana_1080p_2min 538.jpg;1.00;590.82;233.61;774.34;500.54;
jpgImages\video\frames\moana_1080p_2min 538.jpg;0.98;28.18;103.80;519.42;493.41;
jpgImages\video\frames\moana_1080p_2min 539.jpg;1.00;561.82;217.38;724.85;497.99;
jpgImages\video\frames\moana_1080p_2min 540.jpg;0.73;501.91;279.23;736.50;497.55;
jpgImages\video\frames\moana_1080p_2min 540.jpg;0.28;5.31;73.50;353.93;504.29;
jpgImages\video\frames\moana_1080p_2min 541.jpg;0.98;508.61;233.58;668.58;501.47;
jpgImages\video\frames\moana_1080p_2min 542.jpg;1.00;730.03;100.44;1020.55;483.81;
jpgImages\video\frames\moana_1080p_2min 542.jpg;0.99;467.31;243.03;650.85;507.16;
jpgImages\video\frames\moana_1080p_2min 542.jpg;0.50;3.32;58.88;432.53;500.65;
jpgImages\video\frames\moana_1080p_2min 542.jpg;0.22;586.67;107.33;793.45;509.05;
jpgImages\video\frames\moana_1080p_2min 543.jpg;1.00;445.31;222.86;591.02;502.41;
jpgImages\video\frames\moana_1080p_2min 543.jpg;1.00;725.45;111.00;1029.87;490.72;
jpgImages\video\frames\moana_1080p_2min 543.jpg;0.91;625.02;115.47;816.16;505.09;
jpgImages\video\frames\moana_1080p_2min 543.jpg;0.81;4.48;56.99;493.90;503.34;
jpgImages\video\frames\moana_1080p_2min 544.jpg;0.96;608.71;81.58;1020.82;502.22;
jpgImages\video\frames\moana_1080p_2min 544.jpg;0.94;446.23;223.76;587.34;508.02;
jpgImages\video\frames\moana_1080p_2min 544.jpg;0.72;11.22;53.17;522.49;507.15;
jpgImages\video\frames\moana_1080p_2min 545.jpg;0.99;441.83;248.09;592.89;505.11;
jpgImages\video\frames\moana_1080p_2min 545.jpg;0.98;669.07;95.49;1023.90;506.61;
jpgImages\video\frames\moana_1080p_2min 545.jpg;0.35;1.80;44.11;548.86;515.25;
jpgImages\video\frames\moana_1080p_2min 546.jpg;0.86;333.09;240.73;596.29;505.98;
jpgImages\video\frames\moana_1080p_2min 546.jpg;0.43;545.76;79.34;1015.31;512.12;
jpgImages\video\frames\moana_1080p_2min 546.jpg;0.41;52.22;60.24;612.13;520.28;
jpgImages\video\frames\moana_1080p_2min 547.jpg;0.87;439.10;286.70;596.74;495.46;
jpgImages\video\frames\moana_1080p_2min 547.jpg;0.37;597.23;90.74;1034.92;507.54;
jpgImages\video\frames\moana_1080p_2min 548.jpg;0.96;712.15;150.42;1026.45;508.51;
jpgImages\video\frames\moana_1080p_2min 548.jpg;0.96;458.86;268.89;607.09;502.75;
jpgImages\video\frames\moana_1080p_2min 548.jpg;0.23;83.45;45.26;644.65;513.62;
jpgImages\video\frames\moana_1080p_2min 549.jpg;0.96;441.77;250.40;601.97;509.47;
jpgImages\video\frames\moana_1080p_2min 550.jpg;0.97;466.47;270.86;601.55;487.39;
jpgImages\video\frames\moana_1080p_2min 551.jpg;0.65;334.57;233.04;599.54;500.31;
jpgImages\video\frames\moana_1080p_2min 552.jpg;0.96;442.77;252.82;622.54;492.23;
jpgImages\video\frames\moana_1080p_2min 552.jpg;0.29;262.72;63.60;526.72;492.70;
jpgImages\video\frames\moana_1080p_2min 553.jpg;0.98;476.97;261.04;646.66;496.74;
jpgImages\video\frames\moana_1080p_2min 553.jpg;0.36;6.05;125.80;308.26;471.69;
jpgImages\video\frames\moana_1080p_2min 554.jpg;0.99;441.74;278.75;628.03;496.30;
jpgImages\video\frames\moana_1080p_2min 555.jpg;0.92;423.24;220.67;623.69;495.62;
jpgImages\video\frames\moana_1080p_2min 556.jpg;1.00;421.90;232.75;585.53;501.43;
jpgImages\video\frames\moana_1080p_2min 556.jpg;0.22;438.28;46.20;991.41;503.91;
jpgImages\video\frames\moana_1080p_2min 557.jpg;1.00;441.96;223.86;595.16;501.33;
jpgImages\video\frames\moana_1080p_2min 557.jpg;0.55;523.07;73.76;1037.58;512.68;
jpgImages\video\frames\moana_1080p_2min 558.jpg;0.89;944.95;294.16;1025.06;457.35;
jpgImages\video\frames\moana_1080p_2min 558.jpg;0.83;532.79;259.69;722.73;433.90;
jpgImages\video\frames\moana_1080p_2min 559.jpg;0.91;484.86;262.80;688.33;432.67;
jpgImages\video\frames\moana_1080p_2min 559.jpg;0.47;921.15;290.82;992.42;448.00;
jpgImages\video\frames\moana_1080p_2min 560.jpg;0.94;472.48;259.37;657.01;435.85;
jpgImages\video\frames\moana_1080p_2min 560.jpg;0.78;894.64;292.09;953.24;441.93;
jpgImages\video\frames\moana_1080p_2min 561.jpg;0.95;386.01;276.29;587.39;447.93;
jpgImages\video\frames\moana_1080p_2min 561.jpg;0.84;846.55;283.03;912.01;445.93;
jpgImages\video\frames\moana_1080p_2min 562.jpg;0.95;812.19;287.88;875.18;450.71;
jpgImages\video\frames\moana_1080p_2min 563.jpg;0.75;782.71;284.98;849.28;446.24;
jpgImages\video\frames\moana_1080p_2min 564.jpg;0.85;771.90;283.71;839.49;448.77;
jpgImages\video\frames\moana_1080p_2min 565.jpg;0.99;758.51;282.36;826.41;451.60;
jpgImages\video\frames\moana_1080p_2min 565.jpg;0.90;297.06;263.07;490.28;447.74;
jpgImages\video\frames\moana_1080p_2min 566.jpg;0.97;749.58;284.99;818.08;451.00;
jpgImages\video\frames\moana_1080p_2min 567.jpg;0.71;749.64;289.01;814.70;449.41;
jpgImages\video\frames\moana_1080p_2min 568.jpg;0.44;757.32;294.21;820.07;458.84;
jpgImages\video\frames\moana_1080p_2min 574.jpg;0.84;328.25;130.81;733.22;483.14;
jpgImages\video\frames\moana_1080p_2min 575.jpg;0.98;186.39;51.12;675.46;496.53;
jpgImages\video\frames\moana_1080p_2min 579.jpg;0.37;595.29;73.62;1019.78;503.52;
jpgImages\video\frames\moana_1080p_2min 593.jpg;0.74;264.23;251.08;382.17;336.83;
jpgImages\video\frames\moana_1080p_2min 594.jpg;0.90;276.27;286.51;440.73;387.99;
jpgImages\video\frames\moana_1080p_2min 595.jpg;0.24;274.13;281.88;445.50;379.22;
jpgImages\video\frames\moana_1080p_2min 595.jpg;0.20;454.64;317.45;490.68;393.32;
jpgImages\video\frames\moana_1080p_2min 598.jpg;1.00;52.10;127.62;616.60;501.37;
jpgImages\video\frames\moana_1080p_2min 598.jpg;0.99;783.15;307.26;993.36;512.32;
jpgImages\video\frames\moana_1080p_2min 599.jpg;1.00;52.47;132.03;620.81;493.76;
jpgImages\video\frames\moana_1080p_2min 599.jpg;0.99;784.74;305.21;984.75;504.77;
jpgImages\video\frames\moana_1080p_2min 600.jpg;1.00;72.40;138.04;597.75;488.23;
jpgImages\video\frames\moana_1080p_2min 600.jpg;0.99;780.36;306.81;982.01;503.08;
jpgImages\video\frames\moana_1080p_2min 601.jpg;1.00;83.68;117.85;598.26;496.29;
jpgImages\video\frames\moana_1080p_2min 601.jpg;0.99;780.05;315.82;980.47;503.42;
jpgImages\video\frames\moana_1080p_2min 602.jpg;0.99;93.78;116.27;630.49;499.99;
jpgImages\video\frames\moana_1080p_2min 602.jpg;0.99;779.23;308.87;971.80;503.32;
jpgImages\video\frames\moana_1080p_2min 603.jpg;0.99;111.67;132.44;565.39;491.85;
jpgImages\video\frames\moana_1080p_2min 603.jpg;0.97;783.69;310.98;978.15;504.61;
jpgImages\video\frames\moana_1080p_2min 604.jpg;0.98;776.87;304.83;988.32;507.64;
jpgImages\video\frames\moana_1080p_2min 604.jpg;0.93;36.92;115.00;559.15;511.65;
jpgImages\video\frames\moana_1080p_2min 605.jpg;0.99;153.56;152.19;711.67;493.18;
jpgImages\video\frames\moana_1080p_2min 605.jpg;0.90;771.47;290.18;992.80;501.33;
jpgImages\video\frames\moana_1080p_2min 606.jpg;0.99;770.99;304.76;984.81;502.96;
jpgImages\video\frames\moana_1080p_2min 606.jpg;0.99;142.97;146.53;708.51;502.34;
jpgImages\video\frames\moana_1080p_2min 607.jpg;0.99;461.69;122.62;798.81;503.24;
jpgImages\video\frames\moana_1080p_2min 608.jpg;0.98;501.01;147.08;818.38;498.35;
jpgImages\video\frames\moana_1080p_2min 608.jpg;0.46;11.04;174.37;293.19;434.79;
jpgImages\video\frames\moana_1080p_2min 609.jpg;0.58;457.84;113.97;852.16;506.76;
jpgImages\video\frames\moana_1080p_2min 610.jpg;0.62;241.98;171.60;746.91;513.97;
jpgImages\video\frames\moana_1080p_2min 610.jpg;0.26;31.95;115.18;620.87;493.32;
jpgImages\video\frames\moana_1080p_2min 611.jpg;0.77;1.85;67.87;607.58;486.79;
jpgImages\video\frames\moana_1080p_2min 611.jpg;0.47;315.58;268.86;677.60;512.88;
jpgImages\video\frames\moana_1080p_2min 612.jpg;0.93;355.11;145.05;760.43;506.43;
jpgImages\video\frames\moana_1080p_2min 613.jpg;0.92;401.77;159.42;773.63;499.10;
jpgImages\video\frames\moana_1080p_2min 614.jpg;0.95;412.19;141.73;778.57;503.71;
jpgImages\video\frames\moana_1080p_2min 628.jpg;0.89;419.47;205.21;704.20;451.69;
jpgImages\video\frames\moana_1080p_2min 629.jpg;0.21;387.60;121.74;681.85;395.93;
jpgImages\video\frames\moana_1080p_2min 630.jpg;0.72;188.47;103.42;369.90;395.26;
jpgImages\video\frames\moana_1080p_2min 631.jpg;0.60;57.05;170.58;160.66;373.73;
jpgImages\video\frames\moana_1080p_2min 632.jpg;0.33;458.48;87.09;967.36;458.70;
jpgImages\video\frames\moana_1080p_2min 633.jpg;0.88;660.57;71.78;1020.23;512.63;
jpgImages\video\frames\moana_1080p_2min 634.jpg;0.95;469.55;80.45;700.58;506.81;
jpgImages\video\frames\moana_1080p_2min 636.jpg;0.94;318.63;151.01;460.05;447.51;
jpgImages\video\frames\moana_1080p_2min 637.jpg;0.81;310.97;203.28;420.49;445.05;
jpgImages\video\frames\moana_1080p_2min 638.jpg;0.88;261.70;159.00;531.88;506.57;
jpgImages\video\frames\moana_1080p_2min 639.jpg;0.97;280.61;138.99;509.95;492.01;
jpgImages\video\frames\moana_1080p_2min 640.jpg;0.98;282.29;136.43;508.49;493.92;
jpgImages\video\frames\moana_1080p_2min 641.jpg;0.97;281.44;143.51;513.96;500.99;
jpgImages\video\frames\moana_1080p_2min 642.jpg;0.98;280.74;145.01;505.89;501.67;
jpgImages\video\frames\moana_1080p_2min 643.jpg;0.99;231.78;122.42;575.79;498.28;
jpgImages\video\frames\moana_1080p_2min 643.jpg;0.44;292.05;76.51;877.92;526.59;
jpgImages\video\frames\moana_1080p_2min 644.jpg;0.92;255.16;123.45;605.36;508.54;
jpgImages\video\frames\moana_1080p_2min 644.jpg;0.22;357.07;15.12;946.89;530.96;
jpgImages\video\frames\moana_1080p_2min 645.jpg;0.99;258.41;123.89;554.56;506.78;
jpgImages\video\frames\moana_1080p_2min 645.jpg;0.31;291.68;80.66;880.37;520.15;
jpgImages\video\frames\moana_1080p_2min 646.jpg;1.00;269.59;128.23;529.67;503.87;
jpgImages\video\frames\moana_1080p_2min 650.jpg;0.44;558.26;206.01;764.48;442.90;